"Wien; Preßburg";2293;
<KEINE ORTSANGABE>;"3661;4314;4183;2593;2570;2571;2572;2575;2576;2577;2579;2580;2585;2625;2590;2567;2595;2596;2597;2598;2599;2603;2604;2612;2542;2589;2557;2871;2544;2547;2549;2550;2551;2552;2553;2554;2569;2556;2568;2558;2559;2560;2561;2562;2563;2564;2565;2566;2626;2555;2816;2729;2743;2748;2749;2750;2759;2760;2761;2762;2613;2813;2716;2821;2834;2835;2837;2841;2858;2864;2868;2870;2763;2667;2627;2630;2635;2636;2638;2660;2662;2663;2664;2728;2666;2725;2680;2681;2690;2697;2698;2701;2710;2711;2714;2541;2665;2298;2219;2220;2221;2222;2227;2246;2252;2256;2278;2327;2292;2213;2313;2315;2316;2317;2318;2320;2321;2322;2543;2291;2107;1999;2014;2015;2016;2018;2022;2037;2038;2050;2217;2106;2215;2108;2110;2111;2126;2160;2176;2182;2195;2201;2328;2056;2529;2515;2516;2519;2520;2522;2523;2524;2525;2526;2326;2528;2508;2530;2531;2532;2533;2534;2535;2536;2537;2538;2527;2497;2330;2336;2342;2344;2348;2456;2457;2458;2493;2514;2496;2510;2498;2499;2500;2501;2502;2503;2504;2505;2506;2548;2494;2983;3024;2954;2955;2956;2957;2958;2952;2910;2951;2902;3006;3015;3016;3019;3020;3022;2959;2942;2934;2935;2936;2937;2938;2939;2953;2941;2999;2943;2944;2945;2946;2948;2949;2950;2940;2898;3084;3083;2546;3082;3065;3028;3039;3036;3037;3177;3187;3186;3185;3184;3747;3183;3182;3785;3787;3788;3179;3821;3178;3695;3799;3800;3400;3175;3173;3805;3807;3809;3813;3814;3628;3676;3151;3643;3204;3203;3202;3201;3200;3199;3668;3198;3197;3697;3674;3696;3680;3196;3682;3684;3195;3687;3194;3689;3193;3693;3694;3822;3672;3161;3842;3843;3844;3845;3846;3867;3870;3874;3875;3876;3877;3172;3879;3838;3160;3159;3887;3892;3156;3902;3903;3923;3154;3153;3152;3878;4570;3171;3824;3825;3827;3170;3169;3168;3167;3166;3165;3164;3841;4567;3840;3162;4714;4715;4716;4717;4724;4725;4728;3833;3835;3619;3163;3320;3446;3345;3344;3343;3341;3339;3336;3335;3334;3333;3308;3330;3443;3319;3318;3317;3316;3315;3314;3313;3312;3311;3310;3205;3429;3401;3398;3397;3396;3395;3394;3393;3361;3355;3351;3347;3445;3427;3444;3430;3431;3433;3434;3436;3437;3438;3439;3440;3441;3442;3307;3425;3573;3243;3530;3537;3540;3541;3543;3544;3545;3546;3547;3242;3309;3570;3278;3574;3575;3576;3577;3578;3579;3580;3587;3588;3217;3615;3569;3298;3306;3305;3487;3488;3304;3490;3303;3302;3301;3505;3506;3244;3299;3527;3297;3296;3295;3294;3292;3291;3290;3289;3287;3519;3286;3174;3300;4029;4007;3146;3145;3144;3143;3142;3933;4005;3176;4003;4030;4031;4032;4033;3139;4035;4036;3138;3140;3993;3148;3147;3986;3989;4006;3992;4041;3994;3995;3996;3997;3999;4000;4001;4002;3990;4121;3130;4086;3129;3128;3127;4095;3125;4116;4038;4120;3133;4138;4139;4140;4141;4142;4143;4144;4145;4119;4051;3141;4042;4043;4044;4045;4046;4047;4048;3131;3137;3132;3136;4053;4057;3135;4060;4063;4071;3134;4040;4049;3149;3934;3944;3150;4553;4526;4235;4604;4236;4602;4237;4594;4580;4561;4558;4612;4554;4613;4552;4551;4550;4547;4545;4544;4543;4542;4541;4531;4205;4555;4672;4741;4735;4734;4733;4729;4706;4705;4701;4210;4693;4611;4213;4525;4661;4219;4220;4222;4641;4640;4629;4628;4227;4233;4359;4527;4280;4441;4437;4422;4414;4412;4411;4408;4406;4277;4362;4449;4357;4356;4349;4348;4292;4294;4338;4336;4298;4299;4302;4373;4267;4523;4522;4521;4520;4263;4511;4500;4499;4498;4497;4443;4266;4252;4268;4269;4484;4271;4272;4274;4467;4466;4464;4275;4276;4264;4191;4769;4797;4846;4184;4796;4189;4785;4784;4757;963;958;959;962;132;965;241;242;561;960;183;413;415;410;416;4852;1022;4851;419;1015;4850;310;315;318;1629;1646;1593;1610;1612;1613;1620;1621;1622;1623;1590;1627;1587;1632;1637;1639;1640;1641;1642;1643;1644;1778;1626;1560;1542;1544;1546;1547;1548;1549;1550;1551;1552;1592;1559;1647;1565;1566;1567;1570;1571;1572;1573;1574;1579;1553;1749;1645;1739;1740;1741;1742;1743;1744;1745;1746;1730;1748;1728;1750;1751;1755;1769;1771;1774;1776;1777;1747;1713;1649;1654;1688;1689;1690;1702;1704;1707;1708;1738;1712;1538;1714;1715;1716;1717;1718;1719;1722;1723;1725;1709;1098;1541;1184;1200;1097;1244;1245;1256;1264;1302;1311;1317;1321;1333;2089;2090;3061;3062;3700;3701;1117;1519;1126;1334;1391;1332;1327;1113;1163;1164;1336;1450;1431;1432;1433;1434;1437;1438;1441;1442;1444;1349;1449;1426;1466;1467;1476;1481;1485;1522;1536;1537;1545;1445;1406;1540;1394;1395;1396;1397;1398;1399;1400;1403;1430;1405;1429;1407;1408;1409;1416;1419;1422;1423;1424;1425;1350;1404;1852;1819;1888;1887;1964;1968;1870;1861;1858;1890;1853;1893;1851;1850;1849;1846;1844;1843;1835;1828;1857;1908;1948;1943;1936;1934;1920;1919;1917;1889;1912;1892;1907;1906;1905;1901;1900;1899;1897;1896;1543;14;1352;1353;1354;1355;1482;2913;1563;4534;3664;4135;1731;4581;2101;2072;3003;4469;4630;2694;4468;2765;3880;4754;3390";
Aachen;1186;
Aarau;"743;744;745;746";
Aarau u. Thun;"1486;1487;1488;747;748";
Alethinopel;3071;
Altona;"4515;4696;3820;2607;4697;1253;4743;3671;1706;1727;4514;4513;4516;1453;3915;4155;3795;13";
Amberg;"2646;2649;2650;2644;2645";
Amsterdam;37;
Amsterdam u. Leipzig;"4012;4295;38";
"Anclam; Swinemünde";2678;
Aschaffenburg;"1618;1691;1692";
Augsburg;"1180;1182;3826;3636;1305;4480;2009;2010;2013;3601;3612;2196;2197;2198;2199;4229;4536;4535;4495;2807;3829;3830;3831;2877;4169;4240;4241";
Baden;4524;
Baireuth;2810;
Bamberg;"1181;4146;1786";
"Bamberg; Würzburg";1787;
"Barmen; M. Gladbach";4749;
"Barmen; Schwelm";4786;
Basel;"309;4423;1489;4519;2914;2915;2916;2917;2919;2920;2921;2922;2923;2924;2918;3683;1427;1428;1962;3731;3736;3737;3738;3739;3735;16;2661;4452;3607;3745";
Bautzen;"1821;4346";
Berlin;"3959;3960;3964;3965;792;795;802;803;804;807;808;809;810;906;920;907;908;909;910;911;912;913;914;916;917;788;919;786;904;903;901;900;899;889;888;887;886;931;918;814;815;850;816;813;832;824;823;820;819;818;817;811;440;812;1171;1170;1172;1328;1168;1169;1315;1173;957;956;784;3811;927;778;4207;4245;3974;3647;3928;4201;827;4303;1226;1710;499;1196;1273;1275;1274;1272;1271;1312;1313;1314;1316;1318;1319;1326;1325;1340;1322;1341;1344;1342;3919;835;1351;4509;512;3987;500;1343;4438;1310;4789;1494;1495;1496;1497;1498;1499;1500;1501;1502;1503;1504;1505;1506;1507;1508;1509;1510;1511;1512;1513;1514;1515;1516;1517;1518;1521;1520;3890;1525;4600;4794;1614;3734;868;869;870;876;866;862;864;865;871;867;879;863;872;873;874;877;878;875;881;882;883;4087;560;4665;880;2011;884;885;924;3239;3240;3241;3245;3238;1413;438;439;441;442;445;446;448;449;444;443;447;437;4662;3673;891;892;893;895;896;890;894;3603;3899;1628;1630;1631;3600;4667;15;665;3504;2574;2545;2539;2540;2573;2578;509;510;625;626;627;628;629;2929;2930;3721;4698;21;4670;3808;4624;3806;4820;4321;3549;3713;3711;3714;3712;3651;3652;3653;780;801;806;777;4755;781;782;785;789;790;793;794;796;797;798;779;783;787;791;805;799;800;3957;3958;3956;3961;2507;2509;2511;2513;2517;2518;2521;2495;2512;921;922;902;905;915;923;821;822;4282;1839;825;2012;828;4301;829;830;838;849;1105;2489;2961;2964;2963;2965;2971;2977;2974;2967;2979;2972;2968;2969;2980;2981;2970;2982;2966;2978;2973;2962;2976;826;925;926;928;929;930;833;834;4019;852;853;854;856;857;858;860;861;844;845;846;847;848;831;839;851;855;859;836;837;840;841;842;843;434;436;3052;1925;1937;1914;4270;4812;4273;1960;493;1963;947;4675;4792;3597;506;3852;3063;3064;1463;1465;1199;1460;1462;1464;2187;2188;2180;2181;2183;2184;2185;2186;1252;1249;3962;4532;4077;2283;2295;327;328;507;4074;4165;3677;3678;2632;3854;3675;2633;2634;2637;3730;3922;3768;1099;1100;1101;1102;2372;4518;4834;4105;4106;4104;4825;1472;3085;4339;4166;1473;2601;2491;2492;2618;2623;4287;2628;2629;2631;2606;4773;4840;2654;2655;2677;2693;2692;2724;4154;612;1085;7;3605;2736;2788;2789;2790;2792;2791;2793;3900;2809;2832;3657;34;1724;4353;2872;2867;2869;2882;4101;4826;4517;3106;4102;4103;4824;4315;4788;4832;897;4833;898;3207;3639;3423;3424;4026;4025;4538;1320";
"Berlin; Stettin";"677;678";
"Berlin; Königsberg";4278;
"Berlin; Leipzig";"2795;1970;3451";
"Berlin; Paris";"4178;4179";
"Berlin; Stettin";1524;
"Berlin; Wien";4703;
Berlin;"1323;1324";
Bern;"1183;1120;3554;2641;1129;2147;3558;2145;3559;3560;3561;2146;1131;3566;193";
"Bern; Leipzig";"728;729;730;731;732;726;727;733;734;735;736;737;738;741;742;740;739;723;724;725";
Bonn;"4137;4284";
Braunschweig;"3237;4185;2449;2450;2451;2452;2453;2454;2455;257;249;3649;948;1122;1123;949;3784;3783;3648;1124;8;9;10;2779";
"Braunschweig; Wolfenbüttel";2448;
Bremen;"1091;1092;4283;4806;3613;673;364;362;363";
"Bremen; Aurich";3850;
Breslau;"1174;3910;3914;3912;3911;4254;4255;4256;4253;4490;4309;1756;17;4845;2290;4503;3616;3614;1823;2338;2339;2340;2341;2343;2346;2345;3389;4682;4476;4692;4251;2289;3823;2850;2653";
"Breslau; Leipzig";"1944;1942";
Brieg;"4465;2619";
Brünn;"4352;4512;2445;2446;4194;4192;4193";
Bunzlau;"4782;1832;1833;1834";
Chemnitz;"1023;933;932;1195;4678;955";
"Cilli; Leipzig";1701;
Coburg;"4371;4013";
Cöln;4187;
Cöslin;"1624;1625";
Cöthen;"2797;2798;2799;2800;2801;2802";
Creutzburg;4028;
Cythere bey Ganymedes [Hamburg];1229;
Danzig;1764;
Darmstadt;"4415;615;1049;1052;1053;1054;1055;1056;1057;1058;1059;1060;1061;1062;1063;1064;1065;1066;1067;1068;1069;1070;1071;1072;1073;1074;1075;1076;1077;1079;1081;1083;1084;4059;566;567;568;570;4061;573;4062;576;4064;4623;575;4070;565;4065;4066;4067;569;4068;571;572;4069;574;2753;2853;4650;4651";
Dessau;"1530;2685";
Donaueschingen;2288;
Dorpat;4712;
Dortmund;"1017;1018;1019";
Dresden;"3839;3847;4162;3426;2931;4762;2947;1958;1957;3598;1155;4695;2803;4151";
"Dresden; Leipzig";"3447;3448;3449;3450;3428;3432;3435;3929;3767";
Düsseldorf;"4009;1013;1014;1016;3072;3074;3073;3075;3076;3077;2364";
Eisenach;"1969;1967";
Eisenach [Reprint 1923];1235;
Elberfeld;"4504;3568";
"Elberfeld; Barmen";4783;
Emden;"4736;4737;4738;4739;4740;4324;4742";
[Emden];1982;
Erfurt;"1189;1190;4133;4130;4131;4132;4134;1191;3980;1192;1193;1201;1202;1237;1238;1239;262;4293;2463;2464;2462;4168;1240";
Erlangen;"1766;1765;1767;1768;1104;4462;4463;4461;2856;4115;3782;4843;2757";
Frankfurt;"505;503;504;1228;1410;1411;489;3855;1705;613;614;3748;3746;4477;3534;3532;3536;3535;3533;4478;4632;3157;3158;4492;4493;4494;4680;3155;2177;4639;291;292;293;294;1965;4576;4577;4508;2830;1822;4234;2175;4018;2429;2431;2432;2433;2430;2434;2435;2436;2437;2438;2439;2390;2441;2440;4451;3611;608;609;586;587;588;589;590;577;578;579;580;582;583;584;585;591;592;593;594;595;596;597;598;599;600;601;602;603;604;605;606;607;610;611;581;4288;674;4127;4487;400;401;402;403;404;397;398;366;367;368;369;370;371;372;373;374;375;376;377;378;379;380;381;382;383;384;385;490;491;2855;2857;386;387;388;389;390;391;392;393;394;395;3591;3594;3593;4804;396;399;675;4110;3925";
"Frankfurt; Heilbronn";"485;4772;4206;486";
"Frankfurt; Leipzig";"2600;4489;1161;4847";
"Frankfurt; Leipzig; Erlangen";2605;
Frankfurt/Oder;1711;
Frankurt;4808;
Freiberg;1966;
Freiburg;"2845;2849;2848;2847;2846";
Freyberg;4836;
"Freyberg; Annaberg";"2007;2008";
Friedrich von Raumer;3004;
Fürth;"2751;2752;3777";
Gibeon [Berlin];2192;
Gitschin;"2380;2381";
Glogau;4216;
"Glogau; Leipzig";"4117;4118";
Gotha;"4304;4305;3856;2060;4318;4317;4310;4306;4307;4308;4316;4752;4340;1788;1818;2076;2077;2078;2080;2081;2082;2083;2084;2087;2088;2091;2093;2094;2095;2096;2097;2098;2092;2102;2103;2104;2105;2109;2112;2113;2114;2115;2116;2118;2120;2121;2068;2069;2070;2071;2073;2074;2075;2127;2128;2129;2130;2131;2132;2133;2134;2135;2136;2137;2138;2139;3858;3859;3860;3861;3862;3863;3864;3865;3866;3868;3869;3871;3872;2020;2041;2042;2043;2045;2046;2047;2048;2049;2051;2052;2053;2054;2055;2057;2044;2021;2023;2024;2025;2026;2027;2028;2029;2030;2031;2032;2033;2034;2035;2036;2039;2040;2017;2019;2059;2061;2062;2063;2064;2065;2066;2067;2079;2085;2086;2122;2117;2119;2099;2100;2123;2124;2125;2058;1493;2460;3247;3248;3255;3262;3269;3270;3256;3250;3251;3252;3253;3265;3266;3268;3271;3249;3254;3257;3258;3259;3260;3261;3263;3264;3272";
Göttingen;"3832;158;3976;3857;4801;4355;4289;3967;3975;154;3970;3966;159;3969;3968;3978;167;3947;4475;4656;4167;3973;3971;3972;3977;4076;4088;4646;4633;4634;4635;1414;944;143;160;151;140;150;148;152;153;155;156;157;149;139;147;141;146;138;145;144;142;161;162;3604;163;168;165;173;164;30;171;172;166;170;169;945;4291;88;89;90;92;93;94;95;87;96;97;106;127;91;86;82;83;84;85;102;105;98;107;81;80;78;79;108;177;99;77;60;103;3921;2323;174;3834;433;432;934;935;936;937;938;939;940;941;943;942;618;619;620;621;622";
"Göttingen; Gotha";"75;76";
"Göttingen; Leipzig";100;
"Göttingen; Münster";101;
Graz;"3581;1700;4148;4126;4150;4125;4147;4751;4112;4113";
Greiz;"3949;3267;3274;3275;3276;3279;3277";
Grimma;"4204;1735;4345;1959;4607;4767";
"Grimma; Leipzig";"3988;1736;3596";
Guben;"4817;4643;4483";
Halberstadt;"4839;2205;4421";
"Halberstadt; Leipzig";1233;
"Halberstadt; Leipzig";"1234;1232;3079";
Halle;"2911;4311;954;2674;2879";
Hamburg;"3793;3913;2602;1296;1300;1298;1295;1301;1299;1297;4326;1347;1348;3828;492;2461;3881;3273;3741;2639;2640;4262;4285;4745;1451;4453;4214;4637;4454;4455;4638;4170;4171;4456;4458;4459;4098;4099;4100;4457;4460;3794;2190;1941;3909;3908;4157;2285;3646;111;114;116;117;118;119;121;122;123;124;125;126;110;129;130;104;112;113;115;120;213;128;1452;2329;2331;3920;2420;405;406;3583;2975;4779;312;2839;3658;311;4540;4546;4548;4549;4556;4557;4559;4560;4562;4563;4564;4565;4566";
Hamburg;"3322;3324;3323";
"Hamburg; Altona";"4427;3068;1589";
"Hamburg; Itzehoe";2881;
"Hamburg; Leipzig";"1617;3650";
Hamm;"4713;1106";
"Hamm; Münster";"1107;1156;1157";
Hannover;"946;1655;1653;4708;3939;3941;3942;3940;4848;1125;1095;2657;2658;2727";
[Hannover];4657;
Häresiopel [Züllichau];2191;
Heidelberg;"4188;1680;1685;1686;1687;1681;1682;1683;1684;1048;1050;1051;1039;1040;1041;1042;1034;1037;1038;1047;1046;1045;1028;1029;1030;1031;1032;1033;1035;1036;4654;1024;250;672;3086;20;4058;4814";
"Heidelberg; Frankfurt";"1025;1026;1027";
"Heidelberg; Frankfurt; Leipzig";"1043;1044";
"Heidelberg; Leipzig";"1153;1152;1151;1154";
Heilbronn;"487;488";
Herborn;3685;
Herisau;4347;
Heuchelheim;4129;
Hildesheim;3722;
Hirschberg;"3091;3092;3093;3094;3095;3090";
Hof;4780;
Hohenzollern [Wien];2490;
Hohnstadt [Hamburg];"3726;1474;1475";
Ilmenau;"1532;1534;1533;1535;1539;2465;2466;2467;2468";
Innsbruck;"1483;1484;4823";
Iserlohn;2880;
Jena;"1203;1207;1204;1205;1206;1208;1209;1210;1211;1212;1213;1214;1215;1216;1217;1218;1231;4325;4683;563;2459;1387;4073";
Kaiserslautern;"4329;1119";
Karlsbad;4425;
Karlsruhe;"1178;1179;4791;4819;1650;1651;1652;1820;755;753;754;756;319;2679;321;2863";
"Karlsruhe; Kehl";4688;
"Karlsruhe; Leipzig";320;
"Karlsruhe; Rastatt";3088;
Kehl;1954;
Kempten;3609;
Kiel;"246;247;248";
"Kiel; Dessau";"244;245";
"Kiel; Leipzig";4096;
Klagenfurt;3778;
Kleinbremen;2355;
Koblenz;"3935;3769;1523;2362";
Kolberg;1619;
Köln;"4842;1752;3720;3589;1121;1938;1939;4668;2805;667;668;669";
Königsberg;"1086;3633;3632;2333;2334;2337";
"Königsberg; Leipzig";"305;308";
Konstanz;"3985;4702";
Kosmopolis;22;
Köthen;502;
Lahr;1831;
Landshut;1662;
München;4597;
Langensalza;4426;
Lauenburg;"2159;2158;2157";
Lauenburg;"4260;3665;4507;4218;4020;2162;2166;2161;2163;2153;2156;2154;2152;2164;2165;2148;2149;2150;2151;2155;109";
"Lauenburg; Frankfurt";"2171;2172;2170;2169;2173;2174";
"Lauenburg; Göttingen";"2167;2168";
Laybach;4691;
Leipzig;"4690;1953;3622;3620;3621;4689;1175;1176;1227;1236;1194;4756;3898;3896;3897;1166;2200;178;180;181;182;185;186;187;188;189;190;179;3610;1270;1289;1290;1288;1283;1281;1285;1279;1276;1286;1277;1287;1284;1280;1282;1293;1291;1294;1292;1303;1307;1308;1309;1339;1337;1338;1345;950;951;952;4821;2840;204;206;207;1187;1188;4710;1578;1576;1577;2925;4652;1693;3548;1090;4342;2928;3637;2296;536;1415;4510;1417;1418;1420;1421;967;3927;3812;2608;2609;2307;332;333;334;335;336;337;338;4111;4761;3282;559;558;1737;3280;1758;1757;4257;4258;1268;1266;1267;1269;1111;1108;1109;1110;1112;1114;1115;1116;636;637;638;639;640;641;642;643;4595;644;645;646;647;648;649;650;651;652;653;654;661;662;663;664;656;657;658;659;633;624;631;1824;4109;1817;2141;2142;2143;4781;2144;2140;4679;4212;3007;3031;3029;3033;3034;3035;3032;3038;3030;3047;3042;3585;1220;3040;3044;3048;3045;3046;3043;3049;3041;3013;3009;3014;3010;3011;3012;3008;3005;3018;3002;2997;2995;3000;3001;2998;2996;3017;3023;3021;3027;2994;2991;2993;2990;2992;2989;2988;2987;2985;2986;1860;1865;1863;1862;1886;4079;1951;1950;1952;1946;1947;1940;2281;2282;2280;3796;4286;4813;2204;2202;2203;2208;2206;2207;3562;2212;2696;2314;2311;2312;623;632;634;635;655;3698;3699;3053;3054;3026;3025;3055;660;2234;2235;2236;2237;2238;2240;2242;2244;2233;2239;2241;2243;3938;3937;1455;1456;1457;1454;1247;1248;4699;1250;1251;4625;4626;1254;1255;1257;1258;1259;1260;1261;1262;1263;1265;3679;3567;4445;2248;2251;2249;2250;3625;3623;3629;3630;3631;3626;3624;1469;528;532;515;516;517;518;513;514;519;520;521;522;523;524;525;526;527;529;530;531;533;534;535;562;326;330;4805;331;329;2319;749;750;751;752;2347;2349;2350;2351;2352;2353;4226;3708;2838;1103;4601;2354;1096;2742;2365;2366;2367;2368;2369;2370;2371;2373;2374;2375;3810;953;3078;2255;2257;2397;2398;2399;2400;2401;2403;2382;2383;2384;2385;2386;2387;2388;2389;2391;2392;2393;2394;2395;2396;2402;2404;2405;2406;2407;2408;2409;2410;2411;2412;2413;2414;2415;2416;2417;2418;2419;2421;2422;2423;2424;2442;2443;3081;3982;3981;1699;4084;4491;2469;2476;2470;2471;2472;2473;2474;2475;2480;2481;2482;2483;2484;2485;2486;2487;2488;2477;2478;2479;2189;3089;4444;4763;4649;2624;4092;4622;3105;4230;1089;3702;2675;2676;542;543;556;553;545;546;540;538;544;541;539;557;555;554;547;548;670;4365;2732;2730;2734;2733;2731;2735;2651;2745;2740;2738;2746;2744;2741;2747;2739;2780;2781;2782;2783;2784;2785;2786;2787;2794;3804;2796;2806;4075;4337;2824;2825;2826;2823;3705;3703;3704;2843;2842;2844;537;2851;2852;3955;501;1087;134;203;133;2878;302;303;304;482;483;135;4660;280;279;218;1020;216;214;215;197;209;205;210;278;4368;220;219;217;221;212;211;202;208;201;3803;3801;3802;4344;1088;3882;307;3666;3669;4248;43;44;45;46;50;51;136;42;49;52;53;54;55;58;59;61;63;137;64;4658;65;66;67;68;69;70;71;72;73;74;3363;3364;3365;3366;3367;3369;3370;3371;3374;3375;3376;3377;3378;3368;3372;3373;3379;3380;3381;3382;3383;3384;3385;3386;3387;3388;3464;3452;3453;3454;3455;3456;3457;3458;3459;3460;3461;3462;3463;3465;3466;3467;3468;3469;3470;3471;3472;3473;3474;3475;3476;3477;3478;3479;3480;3481;3482;3483;3484;3485;3283;3491;3492;3493;3489;271;264;265;273;263;266;276;277;4617;4343;4815;3281";
"Leipzig; Altenburg";"1635;3660;39;40;41";
"Leipzig; Altona";1734;
"Leipzig; Altona; Kopenhagen";1733;
"Leipzig; Augsburg";4163;
"Leipzig; Berlin; Frankfurt";175;
"Leipzig; Dresden";"2258;2259;2260;2261;2262;2263;2264;2265;2266;2267;2268;2269;2270;2271;2272;2273";
"Leipzig; Dresden; Wien; Berlin";"2274;2275;2276;2277;2279";
"Leipzig; Gera";1219;
"Leipzig; Mannheim";2652;
"Leipzig; Nürnberg";2425;
"Leipzig; Riga";4485;
"Leipzig; Wien";"2210;2211;281;298;299;300;4448;4450;301;270;267;268;269;272;274;275";
Leitmeritz;2377;
Leizig;4496;
Lemgo;1754;
Linz;"1753;3792;4681;1956";
London;"4666;4374;4375";
"London; Leipzig";2254;
Lübeck;"4078;4827;4828;4830;4829;3181";
Ludwigsburg;290;
Magdeburg;"3706;2287;4700;3707;3326;3327;3325;3328";
Magedeburg;4265;
Mailand;1935;
Mainz;"19;4631;1825;3051;4196;4197;4369";
"Mainz; Hamburg";4160;
Mannheim;"2673;484;2668;1575;3087;4838;4128;251;252;3727;4770;2669;2670;2671;2672;2723;3638;2836;2873;2874;3709;4605;27";
"Mannheim; Leipzig";1949;
Marburg;"3502;3503;2309;1133;1132;1134;1128;1130;4818;1127;1135;1136;1137;1138;1140;1141;1139;1142;4174;4172;4173;4176;4175;4177";
"Marburg; Kassel";"3495;3498;3494;3496;3497;3499;3500;3501;1148;1150;1145;1146;1147;1149;1143;1144";
"Marburg; Leipzig";2310;
Marienwerder;2335;
Meiningen;4686;
"Meiningen; Leipzig";"3786;3773;3789";
Meißen;"3918;1836;1837;1838";
Merseburg;"1763;306";
Miltenberg;3644;
Minden;630;
"Mitau; Leipzig";"4758;4759;4760";
München;"764;4470;4434;4435;4436;4323;3659;1531;4793;1984;1983;4790;3945;1657;4224;763;2006;4590;1985;1986;1987;1988;1989;1990;1991;1992;1993;1994;1995;1996;1997;1998;2000;2001;2004;2002;2003;2005;4363;3774;4312;4313;1458;1459;2247;4358;4361;4360;1471;4709;2689;2691;3901;2778;2777;3904;2776;2775;3790;4488;4081;3404;18";
München;2688;
München;2687;
"München; Nürnberg";2686;
"München; Wien";4811;
Münster;"4010;4094;2447;3984";
Neuburg;"4573;4574;4575";
Neuenstadt;2833;
Neustadt an der Orla;4501;
Neustrelitz;"325;184;31; 676";
Norden;"4765;4718;4719;4159;4720;4721;4722;4723;4726;4727;4730;4731;4732;4584";
Nordhausen;1468;
"Nordhausen; Leipzig";1461;
Nünberg;"2811;2812";
Nürnberg;"4181;4182;4217;4200;3916;3728;3953;2297;2299;4588;4642;346;340;347;348;349;350;351;352;353;354;355;356;357;358;359;360;361;3584;4684;4685;4300;3069;3070;1159;1160;3552;3553;2427;2428;2426;3080;3815;4841;196;176;195;199;198;200;194;192;191;4766;2814;2815;2817;2818;2819;2820;2822;1158;1162;3582";
[Nürnberg];4579;
"Nürnberg; Altdorf";"3983;4244";
Nürnberg;4186;
Oettingen;"3606;4664";
Offenbach;"679;365;3590;4221;760;4093;4798;47;48;57;62";
Orthodoxiopel [Gera];2193;
Osnabrück;2444;
Osterode;3991;
"Osterode; Goslar";3998;
Paderborn;3681;
Pappenheim;2912;
Parchim;"1976;1977;1978;1980;1971;1972;1973;1974;1975;1981;1979";
Paris;"497;498;496;495;4418;4416;4417;4420;4419;4537;3816";
Paris [Hamburg];"3893;3894;3895;4180";
"Paris; Straßburg";3776;
"Paris; Tübingen";"4397;4399;4400;4401;4402;4403;4407;4409;4410";
Penig;"24;23";
Pest;676;
Pesth;"1177;3849;3564;3819;767;768;769;770;771;2294;3818;3645;4082";
"Pesth; Leipzig";"774;775;772;773";
Pforzheim;"316;317";
Pirna;"1185;5";
"Pirna; Dresden";4152;
Prag;"4669;4707;3725;3853;4208;4008;2214;2216;2218;3246;4351;2886;2892;2889;2891;2896;2897;2899;2900;2905;2906;2907;2908;2909;2901;2903;2904;2893;2894;2895;2885;2887;2888;2890;2884";
"Prag; Wien; Freiburg";"4238;4239";
"Prag; Berlin";1656;
"Prag; Gitschin";"2378;2379";
"Prag; Leipzig";"2223;2224;2225;2226;2228;2229;2230;2231;2232";
"Prag; Teplitz";4486;
"Prag; Wien";"4599;4190";
Quedlinburg;"1165;4593";
"Quedlinburg; Leipzig";4636;
Rastatt;4533;
"Rastatt; Mannheim";4097;
Ravensburg;4428;
Regensburg;"4799;3851;3627;4578;2926;4471;3757;3758;4243;3759;4228;1666;1667;1668;1659;1660;1661;1663;1664;1665;1658;1726;1729;4297;4768;2647;4582";
Reutlingen;"2642;564;11";
Riga;"1278;4482;4161;1470";
"Riga; Dorpat";"3743;3744;1634";
"Riga; Leipzig";3551;
Rinteln;3848;
Rom [Leipzig];"1230;3592";
"Rom; Madrit; Lisabon";"1760;1761;1762";
Rostock;"4083;2804";
"Rostock; Hamburg";2179;
"Rostock; Leipzig";4259;
Rudolstadt;"4319;4279";
Saalfeld;"3654;3662";
Salzburg;"4606;4608;1759;435";
Schleswig;"1732;2932;1945;2194";
Schnepfenthal;4017;
Schwäbisch Gmünd;3891;
Schwerin;"2178;2659";
Solothurn;"1492;2611";
Sondershausen;"1554;1555;1556;1557;1558;1561;1562;1564;1568;1569";
Speyer;2831;
St. Gallen;1167;
St. Petersburg;"1633;2960;3188;3189;3190;3191;3192";
Stendal;3905;
Stettin;4810;
Straßburg;"4648;322;1961;2308;4320;3096;3097";
"Straßburg; Paris";"323;324;3775";
Stuttgart;"289;1225;1223;1224;1221;1222;1346;552;1615;1669;3873;2927;3486;3640;1784;1785;2933;4039;4583;4807;1841;1842;550;551;549;4124;2286;282;4676;4644;617;2617;776;2656;3642;296;295;3932;4122;4123;3742;2859;2774;3120;3236;3715;3403;3405;3406;3407;3408;3409;3410;3411;3412;3413;3414;3415;3416;3417;3418;3419;3420;4653;3421;3508;3509;3510;3511;3512;3513;3514;3515;3516;3517;3518;3670;3507;3522;3523;3524;3525;3526;3521;3520;3528;3529;4050;4052;4034;4037";
Stuttgart;"4231;4232";
"Stuttgart; Tübingen";"3121;3122";
"Stuttgart; Tübingen";"3733;3539;3618;2683;2682;3538;2324;2684;1859;3542";
Sulzbach;"2648;4433";
Teplitz;616;
Frankfurt;4481;
Tübingen;"285;286;288;4381;4382;4383;4378;4379;4380;1670;1671;1672;1673;1674;1675;1676;1677;1678;1679;762;3599;1826;1827;253;964;961;4322;511;33;35;36;243;287;283;284;131;297;3123;766;3979;3113;3115;3117;494;6;3118;3119;3563;455;456;457;458;459;461;462;463;464;465;466;467;468;469;470;471;472;473;474;475;476;477;460;478;479;480;481;2854;2865;2866;3108;3124;3126;3109;3110;453;3111;3112;3114;3116;454;4687";
"Tübingen; Paris";"4385;4391;4831;4388;4392;4393;4404;4405;4394;4395;4396;4398;4413;4376;4377;4384;4386;4387;4389;4390";
"Ueberall; Nirgends";4645;
Ulm;"3686;3688;3690;3691;3692;2875;2876;4744";
Waltershof;4647;
Weimar;"3943;1955;1356;1401;1358;1361;1362;1363;1364;1367;1370;1371;1373;1374;1375;1376;1377;1378;1379;1381;1382;1383;1389;1390;1380;1388;1386;1436;3555;3557;1447;1435;3556;1448;1446;1439;1443;1440;3066;3067;4085;3602;4223;2356;2376;2827;2828;2829;1359;1360;1357;1402;1365;1366;1368;1369;1372;1392;1393;1384;3098;4795;1385";
"Weimar; Leipzig";"452;450;4616;451";
"Weißenfels; Leipzig";"1329;1330;1331;1335;2325";
Wesel;"3571;3572;4774";
Wien;"3771;3772;3565;4072;3337;3331;3954;978;971;972;973;975;976;977;970;1002;1008;1007;1005;968;979;1006;1010;980;982;983;985;986;987;991;993;995;4853;4439;234;235;2704;236;237;238;239;225;227;228;229;230;231;233;222;223;224;226;232;3763;3761;3762;4211;4473;4474;4627;3963;4568;4569;3634;3635;4589;1304;3836;1306;3399;3907;3392;4764;4209;4215;4771;1246;3837;1528;1526;1527;1529;1582;1586;1588;1584;1585;1580;4225;1581;1583;1616;4364;4775;4776;4777;4778;4432;4746;4747;4748;1636;3817;4114;4505;1638;1648;3724;4753;4372;4027;1703;4354;3346;3348;3338;3359;3349;4614;3357;3354;3358;3350;3356;3362;3342;3340;3329;3332;3352;989;990;992;994;996;997;998;999;1000;1001;1003;1009;1011;1012;969;974;981;984;988;4296;2984;508;4149;4787;3617;2591;2592;2581;2582;2583;2584;2586;2587;2588;2594;2703;4609;4591;1775;1779;1770;4011;1773;1780;1781;1782;1783;4539;1791;4528;1805;1806;1807;1808;1809;1810;1811;1812;1813;1814;1815;1816;1789;1790;3655;3663;1830;3716;4016;4015;4014;1868;1869;1875;1873;1866;1867;1872;1876;1879;1880;1881;1882;1883;1871;1874;1885;1884;1864;1877;1878;3641;3180;1898;1895;1891;1911;1894;1909;1910;1913;3586;3608;3930;1930;1931;1932;1926;1927;1928;1929;1933;4440;4446;4431;4249;4250;4430;4424;4615;4246;4822;4429;4673;4572;4704;2209;4447;4290;4334;4335;3719;4618;4108;3717;3718;3764;3765;4332;4136;4333;3936;4107;3951;3950;4056;4054;4055;3060;3058;3059;3056;3057;2245;2253;4506;4529;3798;3952;4816;3732;431;430;3656;3884;3885;1082;3888;765;3889;3886;1080;427;428;429;2808;4750;4802;4803;4242;4472;4800;4587;4281;4530;4153;1093;1094;666;3667;759;758;966;4156;56;3749;3750;3751;3756;3754;3752;3755;3753;2284;2616;2614;2615;2622;2620;4004;3729;4711;4586;3107;4202;3926;2695;4247;2705;2706;2707;2708;2709;1915;1916;3948;2737;4341;4327;4585;4023;4024;4021;4022;3402;3924;3740;2860;2861;2862;2718;2719;2720;2721;4571;1004;3353;4367;3360;2756;2758;2771;2766;2764;2768;2772;2769;2770;2767;2773;2754;2755;3391;4442;2717;2715;2712;2713;2700;2702;2699;4195;2883;3931;4203;4809;3206;3209;3210;3211;3212;3213;3214;3215;3216;3218;3219;3220;4610;3221;3222;3223;3224;3225;3226;3227;3228;3229;3233;3235;2722;3208;3230;3231;3232;3234;3883;1078;4659;4671;4330;4331;3797;1477;1478;1479;1480;3321;3293;32;3288;761;3284;3285;4835;3422;4089;343;342;341;344;345;339;4592;1721;1720;1847;1840;3760;1848;1854;1855;1856;1845;4479;4837;425;426;1772;417;418;420;421;422;423;424;3710;4619;2361;3766;4620;4621;2360;4158;2610;3099;3100;3101;3102;4198;4199;3103;3104;3723;1021;4603;4366;4164;409;412;407;408;411;414;4674";
"Wien; Dresden; Leipzig";2332;
"Wien; Leipzig";"1594;1595;1596;1602;1597;1598;1603;1605;1606;1609;1607;1601;1599;1600;1604;1608;1611;1921;1922;1923;1924;1918;757;2621;4080;4090;4091";
"Wien; Dresden";3791;
"Wien; Hamburg";12;
"Wien; Leipzig";"1591;1697;1698;1696;1694;1695;1793;4655;1792;1794;1795;1796;1797;1798;1799;1800;1801;1802;1803;1804;1902;1903;1904;2358;2357;3770;2359;3779;3780;3781";
"Wien; Prag";2726;
"Wien; Rosenheim";240;
Wien u. Triest;"1241;1243;1242;1198;4694;1197;2643;671;4849";
"Wien u.Triest; Wien";3906;
Winterthur;"3050;4370";
Wismar;4261;
"Wolfenbüttel; Leipzig";4502;
Würzburg;"2303;2304;2301;2306;2302;2300;2305;3595;1829;3550";
Zürich;"314;3917;4663;699;700;702;703;704;705;706;707;708;709;710;711;712;713;714;715;716;717;718;719;720;721;722;681;682;683;684;685;689;690;691;694;698;687;688;692;693;695;696;697;680;686;25;26;28;29;254;255;256;258;259;260;261;4598;701;4350;4677;4596";
"Zürich; Carlsruhe; Petersburg; Berlin";1412;
"Zürich; Baden";3946;
"Zürich; Frauenfeld";"1490;1491";
"Zürich; Leipzig";"3;1;2;4";
"Zürich; Winterthur";313;
Zweibrücken;"4328;1118";
Zwickau;2363;